[
{
    "pk": 3, 
    "model": "symposion_schedule.schedule", 
    "fields": {
        "section": 2, 
        "published": true
    }
},
{
    "pk": 1, 
    "model": "symposion_schedule.day", 
    "fields": {
        "date": "2014-12-13", 
        "schedule": 3
    }
},
{
    "pk": 1, 
    "model": "symposion_schedule.room", 
    "fields": {
        "order": 1, 
        "name": "\u30db\u30fc\u30eb", 
        "schedule": 3
    }
},
{
    "pk": 2, 
    "model": "symposion_schedule.room", 
    "fields": {
        "order": 2, 
        "name": "\u4f1a\u8b70\u5ba4", 
        "schedule": 3
    }
},
{
    "pk": 4, 
    "model": "symposion_schedule.slotkind", 
    "fields": {
        "label": "lightning talk", 
        "schedule": 3
    }
},
{
    "pk": 7, 
    "model": "symposion_schedule.slotkind", 
    "fields": {
        "label": "Talks", 
        "schedule": 3
    }
},
{
    "pk": 8, 
    "model": "symposion_schedule.slotkind", 
    "fields": {
        "label": "keynote", 
        "schedule": 3
    }
},
{
    "pk": 1, 
    "model": "symposion_schedule.slot", 
    "fields": {
        "start": "13:00:00", 
        "kind": 8, 
        "end": "13:40:00", 
        "day": 1, 
        "content_override": ""
    }
},
{
    "pk": 2, 
    "model": "symposion_schedule.slot", 
    "fields": {
        "start": "14:25:00", 
        "kind": 7, 
        "end": "14:45:00", 
        "day": 1, 
        "content_override": ""
    }
},
{
    "pk": 3, 
    "model": "symposion_schedule.slot", 
    "fields": {
        "start": "15:50:00", 
        "kind": 7, 
        "end": "16:05:00", 
        "day": 1, 
        "content_override": ""
    }
},
{
    "pk": 4, 
    "model": "symposion_schedule.slot", 
    "fields": {
        "start": "17:00:00", 
        "kind": 4, 
        "end": "17:05:00", 
        "day": 1, 
        "content_override": ""
    }
},
{
    "pk": 5, 
    "model": "symposion_schedule.slot", 
    "fields": {
        "start": "17:30:00", 
        "kind": 7, 
        "end": "17:40:00", 
        "day": 1, 
        "content_override": ""
    }
},
{
    "pk": 6, 
    "model": "symposion_schedule.slot", 
    "fields": {
        "start": "13:40:00", 
        "kind": 8, 
        "end": "14:20:00", 
        "day": 1, 
        "content_override": ""
    }
},
{
    "pk": 7, 
    "model": "symposion_schedule.slot", 
    "fields": {
        "start": "14:45:00", 
        "kind": 7, 
        "end": "15:05:00", 
        "day": 1, 
        "content_override": ""
    }
},
{
    "pk": 9, 
    "model": "symposion_schedule.slot", 
    "fields": {
        "start": "15:10:00", 
        "kind": 7, 
        "end": "15:30:00", 
        "day": 1, 
        "content_override": ""
    }
},
{
    "pk": 10, 
    "model": "symposion_schedule.slot", 
    "fields": {
        "start": "16:05:00", 
        "kind": 7, 
        "end": "16:20:00", 
        "day": 1, 
        "content_override": ""
    }
},
{
    "pk": 11, 
    "model": "symposion_schedule.slot", 
    "fields": {
        "start": "16:20:00", 
        "kind": 7, 
        "end": "16:35:00", 
        "day": 1, 
        "content_override": ""
    }
},
{
    "pk": 12, 
    "model": "symposion_schedule.slot", 
    "fields": {
        "start": "16:35:00", 
        "kind": 7, 
        "end": "16:50:00", 
        "day": 1, 
        "content_override": ""
    }
},
{
    "pk": 13, 
    "model": "symposion_schedule.slot", 
    "fields": {
        "start": "17:10:00", 
        "kind": 4, 
        "end": "17:15:00", 
        "day": 1, 
        "content_override": ""
    }
},
{
    "pk": 14, 
    "model": "symposion_schedule.slot", 
    "fields": {
        "start": "17:15:00", 
        "kind": 4, 
        "end": "17:20:00", 
        "day": 1, 
        "content_override": ""
    }
},
{
    "pk": 15, 
    "model": "symposion_schedule.slot", 
    "fields": {
        "start": "17:20:00", 
        "kind": 4, 
        "end": "17:25:00", 
        "day": 1, 
        "content_override": ""
    }
},
{
    "pk": 16, 
    "model": "symposion_schedule.slot", 
    "fields": {
        "start": "17:05:00", 
        "kind": 4, 
        "end": "17:10:00", 
        "day": 1, 
        "content_override": ""
    }
},
{
    "pk": 17, 
    "model": "symposion_schedule.slot", 
    "fields": {
        "start": "17:25:00", 
        "kind": 4, 
        "end": "17:30:00", 
        "day": 1, 
        "content_override": ""
    }
},
{
    "pk": 1, 
    "model": "symposion_schedule.slotroom", 
    "fields": {
        "slot": 1, 
        "room": 1
    }
},
{
    "pk": 2, 
    "model": "symposion_schedule.slotroom", 
    "fields": {
        "slot": 2, 
        "room": 1
    }
},
{
    "pk": 3, 
    "model": "symposion_schedule.slotroom", 
    "fields": {
        "slot": 3, 
        "room": 1
    }
},
{
    "pk": 4, 
    "model": "symposion_schedule.slotroom", 
    "fields": {
        "slot": 4, 
        "room": 1
    }
},
{
    "pk": 5, 
    "model": "symposion_schedule.slotroom", 
    "fields": {
        "slot": 5, 
        "room": 1
    }
},
{
    "pk": 7, 
    "model": "symposion_schedule.slotroom", 
    "fields": {
        "slot": 6, 
        "room": 1
    }
},
{
    "pk": 8, 
    "model": "symposion_schedule.slotroom", 
    "fields": {
        "slot": 7, 
        "room": 1
    }
},
{
    "pk": 10, 
    "model": "symposion_schedule.slotroom", 
    "fields": {
        "slot": 9, 
        "room": 1
    }
},
{
    "pk": 11, 
    "model": "symposion_schedule.slotroom", 
    "fields": {
        "slot": 10, 
        "room": 1
    }
},
{
    "pk": 12, 
    "model": "symposion_schedule.slotroom", 
    "fields": {
        "slot": 11, 
        "room": 1
    }
},
{
    "pk": 13, 
    "model": "symposion_schedule.slotroom", 
    "fields": {
        "slot": 12, 
        "room": 1
    }
},
{
    "pk": 14, 
    "model": "symposion_schedule.slotroom", 
    "fields": {
        "slot": 2, 
        "room": 2
    }
},
{
    "pk": 15, 
    "model": "symposion_schedule.slotroom", 
    "fields": {
        "slot": 7, 
        "room": 2
    }
},
{
    "pk": 17, 
    "model": "symposion_schedule.slotroom", 
    "fields": {
        "slot": 9, 
        "room": 2
    }
},
{
    "pk": 18, 
    "model": "symposion_schedule.slotroom", 
    "fields": {
        "slot": 16, 
        "room": 1
    }
},
{
    "pk": 19, 
    "model": "symposion_schedule.slotroom", 
    "fields": {
        "slot": 13, 
        "room": 1
    }
},
{
    "pk": 20, 
    "model": "symposion_schedule.slotroom", 
    "fields": {
        "slot": 14, 
        "room": 1
    }
},
{
    "pk": 21, 
    "model": "symposion_schedule.slotroom", 
    "fields": {
        "slot": 15, 
        "room": 1
    }
},
{
    "pk": 22, 
    "model": "symposion_schedule.slotroom", 
    "fields": {
        "slot": 17, 
        "room": 1
    }
}
]
